,SENTENCE,RELEVANT
1064,果考虑泡沫首次耐克篮球鞋不令人感意外,0
3047,今已成男生崇尚运动鞋奢侈品价格炒越越高双好点鞋还真不般人穿,1
1509,果知道两双间事麻烦告诉下狗叔,1
83,文末福利扫码加群满人抽送日限定双喜欢点点看,1
2499,只谍还尚未曝光只通上概念图双鞋发售还早官图只怕都年亮相今年系列已够都移年末双更没戏,1
583,大升级完成时间已完美无瑕,1
2239,纪人表示初预计乔系列年卖出万美元产值不新秀赛季球鞋销量达亿美元开创品牌史上新纪元,1
996,谈前发布都鞋带系统上大做文章契合耐克造出贴合人脚型球鞋理念理念会科双人签名鞋上,1
3970,整套装小系列套装组成分,1
219,时隔十年复刻回整体似凡达般配色人印象深刻,1
3629,耐克发布只切韭菜,1
1639,准状元脚下去耐克亿美元没体育氛围格外浓厚美国大学校园中耐克品牌知名度完全建立运动员设计出流球鞋队服上,0
1530,果不喜欢次蓝丝绸联名次还大家准备设计昨天海外再次公布款系列联名局部图片确认双联名,1
2453,最近耐克复刻回双曾魔术名宿安芬尼达威应说系列代表系列确堪尊最强,1
1375,灵感欧文艺术喜爱粉色鞋底配蓝色紫色细节点缀视觉效果吸睛欧文,1
592,样配色效果恐怕发售后入手难度不低,0
3048,价格看不太亲民鞋销量却总领跑品牌差距,1
1575,分析师爆鞋事不会耐克带很大影响然爆鞋事件耐克股价大跌不截上周五收盘耐克股价上涨收复失,0
1393,免责声明慧科网页作无关不内容负责,0
1761,耐克主研发最新代高科技球鞋乔丹签名鞋御设计师汀克特菲尔德科签名鞋御设计师联手牵头设计上搭载动系带系统度篮球神迈克尔乔丹惊叹,1
683,生活中周雨彤穿搭很风格身穿搭看十分吸睛身穿套灰色西装套西装款式干练内搭镂空底上衣后看简直太,0
2513,发售日期月日发售价格美元货号发售日期年月发售价格美元发售日期年夏季定发售价格美元发售日期年月发售价格美元发售日期月售价货号发售日期年月发售日期美元货号发售日期年月发售日期美元发售日期年底发售日期美元货号发售日期年月发售价格美元货号发售日期年月发售价格美元原网页已转码便移动设备上查看,1
2199,番采不样设计思路鞋面纯白主体外观更加简约,1
2632,限量发售进店请戴口罩注意卫生,1
841,难道只买球鞋没买衣装备,0
315,日玩具公司携手造联名鞋款今日曝光,0
57,然突袭发售玩意存海绵宝宝部老少咸宜动画片说说次系列适合全年龄然不放圈钱机会时候会推出成人三款式,0
3011,开查看更精彩图片凯文杜兰特最新签名战靴已然不少拥护,1
330,姚明商业团队认应少年万美元报价耐克后回复,0
2840,,1
396,命名进行更改样套路似上还不,0
2892,,1
2240,看只说切许都命中注定只人念间竟品牌人生产生大影响还好乔神父亲选择现才典系列许时空穿三条线说不定,1
3762,还说下典款式上位大佬设计上加入层帆布鞋面设计真波硬核操作时增加扎染设计使整体逼格更加提升,1
3052,文观察网陆雨聆耐克系列众周知飞人乔丹成体育品牌中辨识度最高,1
1368,货号发售日期定价运动潮流微信号,1
2475,次今天重磅信息新配色实物图片再次更新然实物图早已看次次再次更新意味年初历发售传闻风波黄色款已确定样品变市售款式,1
629,双海沃德旧运红白撞色鞋舌金色字印后点缀金色提升整鞋子质感,0
3356,作系列最新款不科技属性还潮流属性都极大突破不实战派还潮流派觉都非常好选择,1
32,款月日限量发售发售价元,1
3759,舞台上巴尔文表演总淋漓致次超级碗中中场巴尔文携手詹妮弗洛佩兹共表演极具看点二人进行首次合作真超厉害,1
1124,更爆出王忠实粉丝千块系列都小意思,1
1953,发售日子越越近时网友纷纷提前出穿搭网友分享图看出使穿简约黑色裤子完美展现出整双鞋优点白丝绸鞋头位置铜钱亮眼红色外底真吸足大众眼球,1
1532,外次鞋面双层式白色鞋面内还层金色看双白丝绸暗藏玄机,1
548,外形简洁没气垫减震高科技加持舒适轻便亲民售价广受欢迎称妈妈最爱鞋子目前看耐克未会推出更中低端价位运动鞋,0
28,近日中国球鞋摄影师上晒出实物细节美,1
3879,,1
948,固定问答环节看看周些问题小哥哥果子说利拉德六换中底还会香,0
865,马尼亚微信微博关注不会放买新品上市时间,0
1425,近日专保罗乔治钓鱼人爱好带款专属配色设计列户外线产品中更名,1
372,代表橘色标签亦保留内传举推出三款新色,0
4006,没理缓震不行更况里面还硅胶鞋垫锦上添花内里填充位样老式实鞋带系统,1
1556,天蒸发亿美元,0
2460,弯刀设计成裁纸刀迪达斯设计成笔架设计成衣架设计成名片托微软设计成便利贴设计成塑料夹麦劳设计成纸夹设计成水果刀田设计成开瓶器美津浓设计成裁纸刀图标设计成衣架设计师甚还公开图标衣架设计程需设计癖官网点击链接,1
883,完美致敬推出全新演绎典配色致敬意根,1
976,缩写缩写,1
2656,下简易名单汇总黑红纯白密瓜雪城大学丝绸黑脚趾氧化天使石斑北卡黑绿脚趾小迪奥黑生胶排名上看人惊艳大黑马品牌杀入美国新兴潮流品牌日新兴品牌,1
398,里不不提伦纳德败诉耐克案子实情况伦纳德敢诉耐克曾参设计人认版权然伦纳德势单力薄没斗财大气粗耐克耐克什情况下才复刻,0
3901,耐克没完没调色板上相似颜色典复制品年中十双真双运动鞋疲惫不堪,1
1316,言定程度上说还未出圈只活跃周杰伦歌迷心中潮牌,0
322,耐克眼看情况不立马找代理人姚明洽谈说合金额年科詹姆斯总,0
581,四针上代鞋帮保护性上不足鞋帮后处采类似皮革环抱补强五针上代支撑抗扭转力上缺憾加入视抗扭片前掌外侧加入上翻补强消短板最后最受关注缓震上已全掌裸露气垫双层气垫设计还变,1
1941,最近发布最重量级系列中款高帮大张旗鼓出现眼前,1
63,今年发售全新动系带篮球鞋惊艳设计出色外观造型赢大家喜爱极高人气,1
2175,算成詹姆斯抱团铁证,1
2822,目前年复刻黑红市价已突破元双全新中帮版实再好不平价代品,1
3210,悉款配色月日正式发售发售价美元喜欢朋友不妨关注下货号发售日期月日发售价格,1
915,次赛脚踩驰骋样子真非常帅气款鞋子无首次运系列印技术还出色前后掌包裹性都受主流球星欢迎,1
718,老吴儿子岁老子特宠爱儿子儿子求都满足满足,0
97,次不高端风格夏季低帮风格,0
3318,王琳凯小鬼次上脚双黑红配色很人情怀鞋款前已次突袭发售正式发售今天进行传双鞋货量会达百万双,1
2649,近日款类似珍珠奶茶配色曝光后便吸引众粉丝关注单品整体奶白色搭配黑色鞋头装扮呈现侧鞋帮形成互相点缀使造型风格街头感十足,1
323,姚明前感觉尊受侮辱最后接受锐步,0
1567,耐克网友疯狂吐槽引爆场锁反应双篮球鞋球星保罗乔治款签名鞋年夏季推出耐克网站上售价美元美元属耐克众系列签名鞋中款非普通耐克球鞋加剧人耐克球鞋质量质疑,1
1323,曝光新鞋系列持续出现鞋迷都惊喜不已外最近上曝光最新联名鞋款图中看鞋款棕灰蓝紫颜色组成运撞色设计手法时鞋后带字样金属搭扣,1
203,猎豹设计灵感整鞋底都设计成类似动物爪子样式鞋子上面全息图外显特点国内玩家称作猫眼小东西成点睛处,1
4036,二联名去年联名系列中不少重磅合作都出现身影中最热门莫系列后推出低帮款今年公布还最近刚刚更新反转禁穿都看出现举动更普通鞋友玩家慢慢注意鞋型,1
980,品牌都不产品线去面不人群更重双鞋设计成材料成不,0
707,昨日国区突然上架后秒下架操作不少网友怀疑否进行专属发售,0
3685,今日正式释出官方图辑近期海外曝光款全新配色,1
3569,系列球鞋无疑下最火爆球鞋系列乔老爷子退役后年还上亿美元销售分成人眼红知道詹姆斯科巅峰时期年收入顶不上,1
3379,采先进动力系带系统上脚后定制电动马达齿轮组动感应穿脚部需张力进行相应调整保障足部舒适,1
347,真开车上街免费送,0
2245,相双鞋子耐磨性还内场外场塑料完全没问题大家都知道外场方面水泥面篮球鞋损伤最大欧文鞋底没硫化胶底水晶底底脆弱样缓震方面好基础欧文鞋底没特强大耐磨性欧文,1
2498,没想外下手意思次品牌标志性印后上,1
2837,然双底不实实香,1
231,主题揭示通手工剪裁开源重新构造设计方法使鞋子看目然中包括,1
1642,解爆鞋事件后股价应声下跌超意味次突发事件市值蒸发超亿美元相整篮球鞋市场年销售总额,0
2210,今年双方合作然继续联名外还带全新联名,1
693,最早不断鞋注入科技元素设计上逐步走市场化,1
1112,熟知禁穿款颜色资深鞋迷猜想身前上市重磅鞋型警示禁止穿鞋型双不禁穿,1
3443,保罗乔治热衷垂钓探索然深厚感情,1
439,点击上面关注,0
2588,联名系列外庆祝香港首间门店开设洛杉矶街头品牌还带双全新亲友限定鞋款,1
411,世界最影响力篮球赛事时商业运作最成功赛事球员收入全球最高许球星年薪高达万美元,0
1496,紧接官宣双反转黑红低帮版,1
1370,款全新战靴采复合材料制成织物鞋面呈现保证支撑性情况下拥更轻重量,0
777,人都不告诉颜值实战主还不贵良心推荐邻居家小孩都馋哭小姐姐看都喜欢问买,0
1659,解耐克目前市值亿美元股去年时间里已累计上涨今年年初上涨上,0
877,耐克,0
470,设计风格新潮感复古性相互间相互间转换去,0
952,利拉德登中底样排面,0
1685,首先造型上看非常复古身上很容易够看出年前耐克典团队篮球鞋影子,1
602,外益耐克支持匡威今年做些突破前双全新环保版曝光,0
697,双加入科技感正儿八篮球鞋,0
2329,样旗舰战靴样折扣价格登场,1
217,总双分很高篮球鞋,1
578,三升级然很球鞋重量居然更轻,1
788,继雷娜代言后篮球鞋方面请许代言,0
1028,作传奇巨星科曼巴精神代表不屈不挠毅力许篮球运动员激发斗志更加勤奋练习提升身水平,0
698,发售价美元,0
607,免责声明慧科网页作无关不内容负责,0
1782,昨日侃爷再次发推称会穿直成董事会成员,1
1369,欧文最新签名战靴发布已曝光时受不少实战党期欧文最新战靴下月正式发布,1
206,双鞋子搭配上紧身铅笔裤腿视觉上面拉长层次简直完美搭配,0
3696,近日海外曝光款全新配色,1
814,然还属概念鞋范畴不篮球鞋不未期耐克契机造出类似篮球鞋期下卡特横空出世划破天际,0
742,然今年大运动品牌日子却不太好毕竟特殊情况影响下行业都受定击,0
970,退役快看伤势前相提问题先大家介绍下天推文里说很意义两词,1
6,今烂大街曾面前只弟弟篮球鞋热度近年直持续升温没出双新配色价格都炒上天似近年火意味没前纯粹很都脱爱鞋身,1
405,,0
3557,认未彻底超越乔丹成球鞋全子品牌,1
380,美产作千系家族开山鼻祖问世年优质工艺深受鞋迷喜爱,0
922,发售日期年去年成员已上脚姜黄色联名版大概率会今年正式发售,1
1383,灵感源欧文主场布鲁克林纯黑色鞋身映衬白色图底纹低调难掩霸气,1
349,侃爷免费送做法实属令人意外没想送鞋程令人防不胜防,0
4140,再曝新配色刚刚发售不久优良性配置不俗造型表现俘获众玩家心,1
1430,名职业篮球运动员赛场上数力证明科样单场砍下分今无人然场外品牌代言代表影响力詹姆斯样年代言收入竟然年薪还高出不少,0
1730,例天正抽签年度鞋王周杰伦早已提早穿上演绎不传说中亚洲最速男事取款稀奇联名鞋明星确屈指数看出深厚感情,1
1445,实不仅存样现象,0
1333,最近篮球神迈克尔乔丹纪录片提前开播引不少热议中关乔丹年耐克合约签名鞋命名话题非常值关注,0
687,很生气说假嫁,0
2834,果中底搭载后掌考虑近两年非常喜爱放系列上更换气垫配置不不,1
1306,总言人物形象球场上王风范不谋合,1
3425,今愈发重视女性消费爱好需求不断女性造专属鞋款收获不错反响赞誉早前出色人气品牌继续推出新鞋款,1
562,便利店想必位都十分熟悉说已开遍全球标志性深入人心合作小编不禁联想前黄牌运输公司合作使两品牌点风马牛不相存合理,0
1396,真正鞋头都收藏样典豪什人气高,1
471,后气垫扶持下特殊笼状结构包覆外型上极具击感,0
937,发售日期年前直都玩今年三十周年足面子,0
3952,作系列继不少篮球狂热期款全新科技篮球鞋,1
1731,演译外周杰伦近期提早穿上双月重磅鞋款却间关系看错综复杂看晕众鞋迷,1
2318,悉月日正式发售发售价届时喜欢朋友不错,1
1167,今年鞋王太,0
1310,知道龙传统神话中王权力量象征呈现鞋款上无疑映衬两位代王篮球音乐领域里强大统治力,0
640,年次新年中国人阖家欢乐日子中国人最重节日,0
281,知道前段日子李小璐疑似情骂俏新闻天天霸屏,0
2949,耐克,1
2315,万圣节配色释出后今日再次释出款全新万圣节主题月正式发售,1
434,鞋面采大面积织物材质搭配高档翻毛皮材质鞋头采更复古造型设计整双鞋带更纯粹滑板风格,0
662,宽松工装裤搭配时候修饰腿型裤子高帮鞋遮住很大部分后显套穿搭很范儿搭配还突出王博青春活力,0
3572,年签下乔丹耐克菜鸟乔丹开出年万美元天价代言费还不足完全吸引乔丹耐克开出成立乔丹名字命名子公司乔丹人永久性销售分红,1
559,免责声明慧科网页作无关不内容负责,0
194,很小伙伴觉只双美腿才够配上些实不样只穿搭方式正确大家目光都会聚集上面,1
2316,款整体黑色基调亮眼荧光绿邪细节附外侧上呈现下滴趋势,1
997,许下双看耐克鼓捣出些奇奇怪怪鞋带系统,1
729,售货员看老吴身行头嘲笑老吴装大款说民工还买耐克,0
1357,停止发售关科切单品后原计划发布直延期,1
770,处细节展现出太空主题鞋舌星球呈现鞋帮内侧酷似宇宙大爆炸涂鸦设计外侧字样呼应宇宙探索主题,0
612,李韦德道然双韦德道发售价点小贵还物超值韦德道,1
3774,花卉配色设计上延续整体贯风格浅黄配色主点缀上柠檬黄色非常谐充满清新感,1
4029,今年位鞋友都买,1
949,利拉德利拉德换成点已确认,0
1154,样轮轮明星轰炸实人点措手不凡些初看不样鞋款看完圈搭配玩家上脚后仿佛真点香,0
2133,系列详细介绍发售年直今日旗下非常典鞋款风格特典型皮革材质鞋子看特质感完全没时感觉,1
1586,款配色白色主调辅黄色蓝色玫红色细节点缀成,0
3502,鞋子整体造型款复古鞋款设计蓝中底设计相结合,1
99,双双使白色作整体色调黑色红色系列相结合,1
2767,双芝加哥估值阶段乔丹创造项历史发主题拍卖活动期间苏富拍卖行双芝加哥进行估值结果居然度高达万美元约合超万,1
859,字母哥外欧文最新签名鞋迎黑红配色,1
837,巨额罚单背后易建联不上场都耐克名额,0
344,上周著名爆料账号还进步泄露系列推出两版包括称生活版右基性构造带反光,1
608,李安踏王新年款迪幸运叶子距年还星期新年脚步声越越近月前大运动品牌开始发力迪达斯系列新年款年都会上演中国配色家厉害戏码,0
568,倒钩弟弟正钩袭定档月,1
1313,耐克媒体中心只简单介绍影响力配置表示会发售,1
2473,中典系列新款设计,1
3636,破解颜色相信会帮助下继续流行,1
3744,关双烟灰看法马尼亚表态还前样今年灰色人气很高果很喜欢样色系原价入手双月日正式发售果已够配色不特感兴趣大不必,1
2256,甚很国人口味养刁钱买不香,1
982,限定配色国外排队购买,1
2599,今年发挥实恐怖肯定刺激,1
2881,次藤原浩没正代系列联名不知道价格上否亲民些,1
1651,年马刺活塞赛中吉诺利防守时左脚脚下滑脚上直接撑破导致脚直接鞋帮裂缝里钻出,0
143,,0
1190,后事都知道锐步看准时机果断出诚意合耐克然匹配报价合中些猫腻姚明发现最终拒绝,0
3900,目前趋势看今年热度确实缓慢下降,1
3095,想现孩子激动情感身受年拥双时样旦看双知道最狠货,1
2252,,1
2474,次泄露发售计划消息中已确认发售白色三色外关注度最高联名,1
678,免责声明慧科网页作无关不内容负责,0
1634,准状元脚下去球鞋半裂开,0
1494,年初发售反转禁穿配色说身色禁穿配色方案里里红黑互相换换加上货量少鞋市上面子小小飞波,1
1625,特配色今年正式发售鞋运采配色搭配磨砂皮质料辅黑色细节搭配黄色锯齿,1
1461,款运动鞋十分稀少年发布数量双年拥动系带技术复刻版仅发布双,0
193,果换女孩子身上话松垮球衣样女孩子穿脚上简直性感耍流氓,1
754,实际上锐步迪达斯收购市场表现直不够理想,0
589,开查看更精彩图片今年球鞋圈说系列统治重磅联名接发售市场价格暴涨,0
1135,开浏览器查看更精彩图片好先不说小编搬砖存钱去,0
1772,无疑重磅鞋款相继发售后玩家球鞋进入段时间佛系状态,1
1276,前不久詹姆斯带款新球鞋正双低帮版,1
2454,诞生年时达威刚刚历段生涯巅峰场均断命中率超上看耐克诚心作前掌内嵌中底覆盖大面积抗扭片后掌气垫鞋型鞋面材料延续前发泡材料显然组合现看旗下签名鞋系列中许詹姆斯系列鞋面材料更新新科技加持更前卫少脚感不输篮网家球星凯文杜兰特系列甚篮球神迈克尔乔丹系列说许玩家心目中最佳配置设定,1
1643,报道中称耐克市值会度蒸发超亿美元锡安威廉姆森认今年选秀头号大热门前头号球星勒布朗詹姆斯十年前高中进入选秀大会最热门新秀,0
1199,耐克很尴尬然伦纳德前不直接签约耐克关系都知道说伦纳德时看做耐克间接球员,1
914,安东尼称巨星后更推出独家签名鞋系列,1
1275,前掌两块分设计单元配合后掌部分面积巨大气垫组合提供整双鞋不错启动反馈良好缓震表现新鞋面材质使整双鞋提供更好支撑鞋面强度双整体配置上无挑剔厚重鞋体还不少球迷外观不太满意,0
667,耐克欧文男子篮球鞋京东购买欧文战靴先后波士顿球鞋店铺开展联名上图李小龙配色刚出都不少朋友惊呼太帅,1
399,非,0
2455,考虑达威年然球风偏组织前锋处位置上毕竟还锋卫摇摆人詹姆斯样坦克型锋线不实战性实性方面还系列强无后卫还锋线球员现更轻松容易驾驭达威,1
1539,,0
2533,滑动查看更图片曾预告官方近日确认发售日期,1
955,攀登哥果只选双鞋话性价更好些,1
270,尤耐克大品牌正时间久受消费信赖更应严质量关不消费失,0
317,鞋后处点明联名身份,0
3772,今年还迎全新花卉配色,1
839,易建联穿鞋子耐克耐克合耐克买穿鞋权益,0
304,银河主题潮流中早已屡见不鲜元素使翻覆去解构重塑次主题推出单品仍吸引玩家驻足,1
2823,悉全新今年正式发售目前尚未释出具体发售详情不估计届时很抢手感兴趣朋友定继续关注资讯,1
2023,,1
472,鞋型后上拥致设计方案鞋面上设计方案更高调,0
1283,讯体育讯耐克最近新动近日发布具超强缓性颜色醒目黑红配色,0
506,外日老牌滑板店铺,0
3749,保罗乔治最新代签名战靴年初亮相已发布近十款配色配色没款称上好看,1
1380,绿色鞋底象征拍摄片场绿幕,0
2532,发售,1
3238,系列中不都全新设计鞋款位新成员原型鞋面深灰色回收环保织物造粗糙质感酷似单布材质,1
906,品牌建立推出系列知名球鞋品牌旗下目前签拉塞尔韦斯布鲁克吉米巴特勒肯巴沃克杰森塔图姆布雷克格里芬克里斯保罗卡梅罗安东尼蔡恩威廉姆森些大牌球星中国球员郭艾伦签约品牌下球员安东尼保罗都签名球鞋广受欢迎,1
1295,手货源件代发,0
3795,乔丹外很国外官网攻略群聊粉丝聊时常鞋子最新信息展开下三张漫威全球人气直不断飙升不少品牌都选择漫威宇宙进行合作推出联名相信很鞋友希看样合作最近双漫威些关联,1
923,发售日期年夏季秋冬女装秀场出现暂称只会女鞋规格发售,1
98,不知道更喜欢低帮款式还高帮款式,0
2939,代詹不说怕刀价值差异什物下脚后够很清楚明明出不值结,1
3309,鞋面旧采典材质造鞋处白色飞人标志,1
1569,踩爆球鞋事件早先例耐克赛结束后曾发布声明称事高度关注希锡安早日康复,0
1615,新品上市时间不会放未准备关注公众号朋友市场价参加抽彩出售机会,0
418,旗下巨星包括东契奇威少锡安保罗安东尼沃克郭艾伦,0
2011,放下新鞋空中大灌篮辛普森球鞋梦炫耀超稀红白套装灰姑娘水晶鞋年度鞋王直接取代,1
1459,完全手工制作目前仅存双次拍品更已知现存唯双全新双鞋估价约万美元约人民币万,0
904,目前成篮球界非常知名品牌根福布斯年球鞋合收入排行中乔丹年耐克获收入达亿美金排位超很现役球星,0
652,科职业生涯湖人队夺总冠军耐克科代签名战靴年月初上市,1
1092,近日推出薄荷绿色主调配色晒出实物图,0
1274,然双磨没辜负球迷朋友双鞋期,0
496,八村塁联名曝光八村塁年出生日仙台市日职业篮球运动员年通选秀进入,1
1320,最后双否联名鞋款不知,1
1106,底鞋,0
3413,继红毯圣诞节两配色后配色传出复刻消息,1
129,内衬还带麦劳元素符号半透明外底样图案装饰非常引人注目,0
591,王博提前上脚积木熊近日球鞋爆料账号曝出款酷似情人节全新配色,0
2262,相信非常典款定会恰烂止不然不会停,1
542,系列谓现耐克旗下最火爆运动鞋系列算高仿卖千双,1
2829,延续代设计思路近年正代融体现看看双鞋细节结合中底大底捕蝇草鞋面设计鞋后最新代埃眼说双鞋去年欧文系列最标致性设计完美融合欧文,1
1934,城市机风格拆卸大底独特穿搭方法众球鞋中脱颖出近日迎款全新配色,1
2740,黑红新鞋最近新鞋不断上步伐今早款全新黑红配色首次曝光实物延续典低帮造型,1
115,双鞋无疑增加许人期典再现回时带新主题元素很容易辨认,0
3184,蔡恩威廉森最终还完成签约耐克没状元郎花落家耐克直处舆风口中央前段时间关伦纳德大手标志问题伦纳德方面耐克方面都理力争还没出答案现名律师翻旧账树大招风时真好好考虑下否做不做事,1
1493,近年配色越越频繁复刻梗差不玩烂索性开启调色盘模式色懒换直接换版型,1
2896,请带圆珠笔方便抽签登记现金交易优先分享会派签程中机送出杰凸凸设计书签数量限派完止温馨提示希大家量坐公共交通工具避免塞车附近停车位紧张,1
1193,然很人都知道库里不耐克旗下球员耐克说绝巨大损失,0
892,今球员都会选择大牌运动品牌篮球鞋最不济活塞球星加洛维样小厂进行合作推设计球鞋,0
3558,显然侃爷现重回耐克更强实力时迪已没办法满足侃爷更高求更大发展空间然寻求更强品牌合作鉴乔丹隶属耐克真人感觉侃爷举杀人诛心品牌竞争上彻底超越手甚未取代乔丹耐克位,1
907,,0
81,双采极醒目亮色组合蓝色鞋面橙色鞋底拼接呈现中部黑灰色承上启下作整体视觉感受更谐,0
1482,悉款尚未释出发售讯息小编继续关注,1
482,四季上脚都十分合适,0
519,实拍预览灰黑军旅蓝暗烟灰浅熔化红色左滑浏览更图片品牌合作造新系列近日首度曝光实物全貌,1
1115,禁穿中底更厚消息指出次上市款鞋中底添加高新科技使舒适感更进步提高,1
44,作配色样代表欧文上然准备很配色,0
1374,番正式公布登场款配色,0
3643,实际上命运月球场宗旨众鞋友称年双备受瞩目鞋友称,1
1424,发售日期月日,0
2753,莱昂纳德莱昂纳德两年最火热巨星小卡生涯前期直合不慢慢老去时候小卡渐渐成马刺核心渐渐出成绩,1
1204,角度说杜兰特受伤耐克才原罪,0
1535,关次联名发售传闻日期目前蓝丝绸会月底上线藤原浩三方联名海外预计月上线传闻年底丝绸年还请位继续关注马尼亚后会继续更新相关信息敬请期,1
1431,然样,0
7,热门社交软件平台音通常会带火很品牌产品中还包括,1
2594,独家纯原外贸平台专供版耐克粉巴黎未概念轻量化篮球鞋市场首家纯原版专供平台大店官方原盒二维码原装芯片标扫描真实原装丝状气垫肉眼见全新科技采材料气垫单元构成减轻重量时爆发力更强劲直观视觉上镂空然代表重量突破前后独立气垫超轻鞋面独立后镂空中底尺码邮费超重,1
4021,锡安表示成代言人非常荣幸乔丹直仰慕球员希后拥乔丹样影响力统治力,1
104,总会,0
1297,,0
3190,毕竟选样标志性鞋型搭配悠久品牌历史双方出手更大咖亲上脚激波精品联名球鞋声势,1
669,耐克欧文男子篮球鞋京东购买鞋面配色白色主小细节十分特殊亮眼颜色点缀外不不说欧文鞋型真十分优秀定不少朋友里定订制配色鞋舌只印欧文专属只印宇宙星球图鞋身两侧写宇宙大爆炸图少标志性符号外还真颇风格欧文,1
903,时耐克乔丹签下份万美金合份超大合拉开双方长达年合作年乔丹纪人时策划球鞋品牌年月日问世,1
2661,然进入排名数量上言耐克还占统治位不知道接下段时间会不会新黑马杀入,1
522,元抽点击文末阅读原文元抽参抽奖,1
654,男团成员身份出道王博出色舞蹈力后获演技上认现很人都扮演角色认识,0
1654,分析师爆鞋事不会耐克带很大影响然爆鞋事件耐克股价大跌不截上周五收盘耐克股价上涨收复失,0
1095,近日曝光双全新整体纯白主色调注入亮眼黄色搭配淡蓝色水晶外底呼应炎炎夏日,1
3389,曝光商业大厦里耐克专卖店买双鞋鞋子质量严重问题没穿现脱胶脱皮三包没办法还不摊货上面鞋千元穿五月,1
1540,鞋面白色半透明材质造鞋领紫色织物后飞线点缀浅绿色,0
1489,果出黑红黑红脚趾芝加哥系列配色举例反驳狗叔狗叔相信迟早会发现些鞋热门都芝加哥抹公牛红禁穿背景事大部分人风,1
85,黄色藏蓝色明显分界双鞋子显众不,0
706,导致鞋子价格波涨幅目前稳定元左右,0
3346,加上后处还上近年大热半透明设计明显上代更具潮流感,1
1631,,0
3904,耐克系列曾时代主流款式最终都祭坛上落下,1
23,佳乐货号发售日期年月日发售价格,1
3750,不少球鞋玩家直言唯款什配色都拯救不球鞋,1
1652,年魔术人赛中隆戈登完成记空接暴扣落后才发现脚下已裂开,0
957,还分人群大体重选手肯定更好些小体重力量型选择,1
1511,,0
1174,潮流联名腰果花全网批纯原开箱实测,0
1583,免责声明慧科网页作无关不内容负责,0
1161,考虑美利坚目前形势做出举动确实情原不然已消息会大范围发售想必工厂已出,0
1378,灵感源欧文音乐热爱深色调鞋面粉橘色鞋舌鞋领后搭配后处音乐波形般图案点缀呼应灵感源,1
1507,灰色今年不算什流行色却热度波波蹭操作实点,1
1412,什区,1
495,发售日期发售价格,1
18,已数次联手推出联名佳乐还继续合作带全新,1
492,款新配色鞋面采白色网格搭配黑色示人中底泼墨元素点缀最后搭载彩色迷彩印花外底整体风格相说低调却不失抢眼元素,0
93,欧文代欧文代相性上做显提升,0
513,二级市场炒卖已成常态普通玩家没必吃土,0
1176,样发新全新专辑中上脚似非常耀眼,0
3784,近期海外媒体公布双全新设计白色绿色构成鞋面后处使紫色不少鞋友联想绿巨人浩克,1
3385,曝光商业大厦里耐克专卖店买双鞋鞋子质量严重问题没穿现脱胶脱皮三包没办法还不摊货上面鞋千元穿五月,1
4056,小库兹马初试牛刀后迪达斯祭出大登罗斯不甘人后派出威少杜兰特日祭出大杀器现役人詹姆斯,1
4033,年初马尼亚曾写篇内容大家聊下曾无人问津却变成下鞋友穿最款式时隔年样套路换人选无不,1
1217,鞋底双鞋中底使科技迪达斯目前家科技,0
1483,,0
2818,不不说新配色典高帮黑红配色原型相似度超高恐怕发售后很抢手,1
465,配色上胆大纯黑色主拼接感满满红蓝色块淡粉色主拼接深粉灰色色块,0
1940,中西方设计审美些巨大鸿沟希成接鸿沟桥梁成设计选项,1
897,款丁维迪设计制作全场控球鞋数年前推出品牌马布里样丁维迪希够球鞋设计性化订制上最大化意见表达,0
1658,外许华尔街人士都表示果耐克够很好控制形势事件公司股价影响很限,0
828,免责声明慧科网页作无关不内容负责,0
1345,年适时推出新代系列鞋款整体造型秉承科签名鞋贯速度感没使上代编织材料常规氯橡胶材质造出鞋舌鞋身体化结构,1
1649,直都产品质量性表现放首位只孤立事件正找问题出,0
432,悉联名鞋款年月日正式登陆官网发售感兴趣朋友千万错,0
762,后迪锐步进行重新定位看出近些年锐步直健身竞赛领域出现换句话说只小众领域看锐步,0
507,时耐克疯狂复苏越越知名滑板店铺开始设计家联名鞋款双附犬头特殊鞋款正式发售,0
1497,配色方案皮质处理上双低帮版反转黑红高帮版出辙果货量很大话怕会影响反转黑红销路,1
668,次推出太空主题系列球鞋,1
1630,悉鞋款近期释出发售信息,0
2319,货号发售日期月日发售价格文大风号仅代表大风号媒体观点,1
529,前段时间俗称倒钩发售后炒万价格大家中签不惜门店大排长龙听说还发售芝加哥元年配色倒钩还不爆炸,1
3867,全新月日发售全新黄色十分清爽黑白预测月登场,1
1351,双黑绿配色鞋身整体采黑灰色调主线搭配荧光绿大红色装饰细节位鞋舌上紫色鞋提彰显出紫金湖人特殊含义提升整体色彩丰富度后处彩色字样样显精致不凡,1
2493,双鞋首次亮相芝加哥代艺术博物馆举办人展览中时还双鞋款不双消息称会面世估计年末年初发售,1
2516,诺亚款受锡安威廉姆森弟弟诺亚素描启发上部面板上都涂蓝色绿色橙色紫色黄色红色彩色涂鸦,1
366,鞋款月日海外区正式发售发售价格美元国内月底正式发售发售价格喜欢朋友加关注后续报道,0
3655,开箱测试,1
901,时维护耐克利益乔丹份耐克合中含些隐形条款果乔丹新秀赛季表现不佳话合会终止,0
1943,陈冠希独家设计然新发布款球鞋中首次开始尝试然大家非常意外,1
367,发售日期月日发售价格美元,1
981,更况今年代已不迪定国产好年代,0
4031,毕竟今年堆新配色买不全买,1
2358,直合作团队没失设计出款全新富历史使命鞋子很层次感动感很欲穿去上战场,1
862,悉款月日正式发售发售价美元,1
3621,原定下周发布延期球鞋发售日期月日延期月日,1
311,初期释出渲染图中不难看出鞋身配色构成年发售人气鞋款颇相似点儿碰瓷配色嫌疑设定然引玩家关注,1
975,詹姆斯杜兰特名字缩写只单纯缩写已,1
213,柜台上熔岩红样火辣颜色价格没变化耐克良心,1
1485,免责声明慧科网页作无关不内容负责,0
3313,限量发售新型冠状肺炎疫情期间请大家务必戴口罩店注意卫生,1
103,前消息指出双鞋月日发布目前尚不清楚疫情还前运动鞋市场美国股市素造成原双鞋推迟出售,0
618,细节满满诚意还不买,0
796,去年合作灯芯绒整体表现看单品设计上更会加出色不光保留标志性颜色搭配玩程度很高玩家根喜好进行变更装扮十分趣,0
1022,喜欢小伙伴完全考虑下款全新配色,0
1312,目前国内已确定双月日率先发售后月日登陆指定店铺发售,1
27,全新细节近赏系列直深受实战党喜爱作欧文最新代签名战靴未发先热,1
282,去年月毛样套路便早早上演看上去天涯海角网友火眼金睛立马认出俩足蹬款球鞋便说唱巨星联名橄榄绿配色尔后便前次明目张胆仗踩李小璐上脚双倒钩鞋王,1
3008,再见造下双联名球鞋竟然系系次玩出什新花样,1
635,匹克休闲款匹克言休闲跑步领域交人气爆表早已成街鞋态极,0
1645,赛前场焦点战最便宜票价度黄牛炒美元接近美国春晚超级碗水平两队教练年薪加更达万美元,0
2033,精髓鞋鞋子精髓科技定首选然果篮球迷系列绝篮球鞋中不撼动大山中绝典中典,1
1812,二级市场已度膨胀畸形大家少花冤枉钱定人力范围内追求心中热爱存意义今天款白红蓝配色无透气性还减震效果都杠杠,1
1381,配色致敬世界女性运动员表达女性篮球员支持,1
601,双曾改变匡威确立篮球领域霸主位典年后再次改变匡威耐克正看耐克收购后匡威然然保持主设计态势专业篮球鞋领域匡威还些耐克元素早些时候中国男篮新星不都沙拉木代言作蓝设计匡威新款篮球鞋次出现专业缓震配置算款典全方位升级,0
3743,今天早上发现出现专属发售次进行发售下周登场烟灰不看今天大家分享似中专属朋友没不知道少鞋友已成功提前入手,1
609,国外品牌陆续发售新年款时候作正主中国然不甘示弱,0
3635,双中帮鞋人看很亮眼,1
463,联名鞋款先前发售优异拼接设计方案极稀货量众鞋迷追捧最近会消息称年再度合作产生全新联名鞋款,1
2865,外倒钩涨价最快涨幅原价元涨均价元,1
962,大学会儿确实穷爱面子院队赛时候买双莆田结果赛天伤,0
2261,前已曝光纪念周年推出款款式,1
1490,加上今年发售套装前夕亲告诉大家禁穿实骗局真正禁穿实,1
2137,详细介绍最大特色鞋身上字母整鞋子显特瞩目属性数十足鞋款非常值购买,1
4037,什今年两年注意力会转移位弟中弟身上,1
1076,采编织物尺寸标签缝鞋垫上通常塞鞋垫下面不会扰时会鞋垫下面掉出感觉脚,0
348,大批青年开心追圣诞老人大家看现场版陪跑,0
2943,缺少篮球赛勒布朗詹姆斯令人难忘运动似仍继续,1
1523,系列不仅包括还包括系列服饰,1
2335,开查看更精彩图片城市限定区配色年直滋滋乐道话题上月发售均居高不下市场价关注,1
911,关注安东尼球技外相信很人注意安东尼次上场穿款战靴款鞋子系列最新推出,1
551,耐克最引傲篮球鞋市场面挑战耐克已签下大部分球星最近下届状元热门候选人穿球鞋赛中突然爆开受伤耐克备受质疑天市值蒸发亿美元,1
619,李鼠年限定实战篮球鞋中国新年少红色,0
285,倒钩已出圈很久,0
1314,周杰伦三字周董说设计灵感歌词创意只字未提,0
2643,匡威搭配不觉点意想不,1
1952,前陈冠希人社交网站上出双白丝带黑丝带鸳鸯混搭方式穿上脚似网友提供新风标,1
1126,今年说不定人款,0
252,设计上更加适合冬季中筒轮廓示人采透气网眼结合优质皮革构成鞋身时搭载鞋头部不规防水涂层营造前卫视觉感呼应机领域创新精神,0
673,近日外媒爆料款全新配色鞋身整体绿色黑色主体色调搭配上银色黑色搭配上黑色鞋身使鞋身整体性更强小编目测鞋身黑色部分材质些许黑红丝绸质感斗殴使颇质感银色材质许反光都,1
3899,很鞋友会想问题不热,1
2574,鞋老板带大家看看耐克子弹头货号尺码作最具代表性鞋款,1
2705,近日释出双白绿白紫配色小鸳鸯不妨看做款略带诚意细节作,1
3559,然乔丹实力目前还毋庸置疑球鞋日历整理去年发售清单显示年年初年底共双新配色,1
1555,准状元脚下去球鞋半裂开,0
1284,面世双鞋大数构造都鞋款原始配色致款鞋重磅剪裁选择相似亮红色,1
1108,款鞋便品牌最火爆鞋型前身,1
1541,紫色浅绿色颇具典紫葡萄配色风格搭配轻薄鞋面十分适合夏日穿,1
199,典女生配色传奇蓝大魔王款鞋说球鞋历史上面里程碑式制作款不磨灭典,1
426,大荧光绿色爱,0
2947,点缀红色描黑色鞋帮绑带大面积签名涂鸦覆盖仿横切槽设计中底红色外底设计均完美呼应,1
658,只看套穿搭时候小编觉般不满足王博脚上穿双冰淇淋色耐克鞋看上去很性,1
840,人说大侄子都名额什还挨罚款,0
813,知道卡特签名鞋中曾半掌甚全掌大面积气柱设计样球鞋缺乏稳定性今换成占空间更大缓震效果更好气垫显然解决年气柱软肋,0
2352,款四代首座,1
2138,系列详细介绍代诞生年直今日都品牌非常具代表性鞋款不仅颜值高上脚舒适度很好,1
69,货号发售日期月日发售价,1
2908,三四月蓝蛇粉蛇白蛇争相发售已造出属蛇皮帝国,1
1332,,0
2802,字母哥尚却还没发现杜兰特最新签名鞋列入考虑耐克不太偏心,1
2830,光看出设计布局只说合格欧文密欧文,1
1362,佳乐联名系列还继续近期款全新佳乐配色亮相,1
15,后继续联名路致力不艺术电影展开合作星球大战辛普森家,0
3597,皮蓬系列大扎染英国限定皮蓬系列大白蓝金皮蓬大系列红黑白公牛大红磨砂皮革主线黑色漆皮勾勒大字体带强烈视觉击抢眼非凡,1
1604,不后实物图片更新后部分鞋友失人觉上脚太花人觉配色次选择皮质不搭简单说片实物好看,1
485,典白红色系装饰鞋身黑色点缀鞋带后鞋帮芝加哥出辙颜值极高,1
1296,欢迎实体店,0
3630,去年里品牌不仅带款联合鞋款还颜色呈现中帮鞋款上,1
913,安东尼选择不令人感意外曾韦德詹姆斯样都团队二代成员接班老大哥雷伦芬利人,1
1577,讯证券报道投行分析师里克帕特尔认耐克大数销售额都生活方式时尚产品中包括乔丹球鞋认部分业务不太受损受众非真正篮球运动员,0
2226,不少曝光内幕消息都引观众热烈讨刚播出五集中乔神人段访问中再度揭露令鞋迷震撼惊天秘密人表示前实最喜欢会签约全家人极力劝阻相信不少鞋迷看肯定无法相信只差点现熟悉系列不曾存运动鞋史上最成功品牌无法缔造惊人历史甚没加入现不会领域龙头,1
1720,鞋面上还带解构圆孔设计承袭今年招牌设计,1
3279,不款式联名入手难度会降低不少,1
2876,总说耐克款还挺不错匡威什丢进柜子里才仙女鞋,1
1196,更尴尬初库里名字都拼写错库里难接受,0
3307,全新全新曝光更发售细节,1
2717,图片源网络侵权请联系后台,1
3391,曝光商业大厦里耐克专卖店买双鞋鞋子质量严重问题没穿现脱胶脱皮三包没办法还不摊货上面鞋千元穿五月,1
3866,单只重量约克目前市售篮球鞋相还重款鞋面皮质结构充满质感中底碳板保证球鞋缓震性稳定性重量上更适合锋线球员些调薄些整体反馈更明显上脚不需磨合内外场均实战不愧球场上王战靴,1
1438,说中锋最具影响力然易建联周琦王哲林都具备力,0
973,球星位球鞋位角度说系列毫无意义都载入史册,0
1087,不会真喜欢史诗没完全动会很棒,0
1619,联合造系列迎,0
3912,永远不会停业只现变不样,1
2347,外还双红蓝鸳鸯曝光,1
373,最新联名鞋款预计年春季正式登场,0
934,发售日期年样曝光设计点普通突出钩子会不会扎人,0
16,不潮流圈日益更快速发展中今提滑板鞋更还会想品牌不去辉煌还没逃潮流圈时代更迭,0
371,鞋跑鞋滑板鞋设计混血感样延续擅长异材质设计美学透黑色主调衬托霓虹光般萤光绿色细节鞋舌绣字做呈现,0
927,发售日期年曝光混合体悉释出配色,0
920,超高输出频率发售日期年月发售日期再次推迟月份传工厂受疫情影响产不足货量不会很大,0
2815,今年围绕鞋型接玩出骚操作,1
1477,鞋面采两不彩编织材质鞋舌豹纹带暗纹红色面料装点点缀上数字细节皇冠詹皇签名清晰见,0
3573,说白特定时代产物诞生耐克还不全球顶尖运动品牌时代,1
1451,两人性格内都不爱说话品牌推广上处天然劣势邓肯情况告诉答案,0
953,更重利拉德颜值太炸,0
1331,喜欢陈冠希只爱麦浚龙,0
1487,刚刚发售黑绿白紫说两双鞋年发售黑绿脚趾黑紫脚趾配色方案上完全模子刻出,1
1053,耐克耐克鞋不鞋两侧绣蝇编织物上,0
440,芥末黄满天星侧透真香,0
3348,中国限定然上些优点刚刚发售新鞋然会些特收藏款,1
917,觉安东尼脚上款样,1
2630,男子篮球鞋搭载全掌型缓震系统额外添加前足缓震配置助力发挥精英水平,1
2217,近日复刻版实物现身网络怕圣诞最引人瞩目鞋款,1
2518,开查看更精彩图片采全新配色令人垂涎灵感特色充满活力红色鞋面典涂鸦灵感图形覆盖挡泥板,1
1286,鞋舌灰色带子上印标志黑色鞋垫上印银色标志,0
58,最后段时间敢推出优秀配色欧文不知道会不会现颜值普遍不看好欧文造成样影响,0
3140,时曝光,1
10,秉持忠滑板核心文化理念年主款正式推出增加鞋底厚鞋舌便效保护板仔脚腕大大减少受伤机会,0
1261,都只猜测毕竟双球鞋决定不什,0
2251,开网易新闻查看更精彩图片说说说肯定大堆话说甚网络上话样不踩类,1
1570,直都产品质量性表现放首位只孤立事件正找问题出,0
269,作品牌营方应格外重视产品质量不砸招牌,0
3641,然称耐克做法割韭菜耐克没忘记生命正确代,1
924,发售日期年月灰色版后秀出双米白色版确定会今年感恩节后全家福尺码进行发售,1
575,开查看更精彩图片著名球鞋资讯网站测评分析发现新代迎达大升级鞋头部分采帆布热熔材质搭配进行补强相上代质感耐性方面都显提升,1
686,不会假,0
3450,限量发售新型冠状肺炎疫情期间请大家务必戴口罩店注意卫生,1
2566,,1
1500,反转黑红出现天价套装里双红白配色惨遭低帮弟弟复刻算坐实偷懒说法,1
257,杭州位大姐孙子买双耐克篮球鞋花元钱孩子穿月气垫破耐克方面回应事,0
3596,尼克斯配色曾皮蓬战靴推出款配色款却众不首次后部位加入刺绣号码,1
3231,钟福林最后累瘫床上幕引网友热议表示上期张明扬穿踩泥巴钟福林张明扬还厉害直接穿耐克拖鞋割麦子,1
1498,近两年新鲜潮流玩家涌入实泛滥假货使热门度高不少大家双前年称弟弟鞋接受度越越高,1
1474,然官方未正式发布全新却今日正式曝光,1
4032,然两年开始已沦鞋友嘴里调色盘不不承认下最火球鞋最赚钱球鞋中定中,1
3160,迪耐克科技方面研发速度彪马快步说彪马直走潮流高端路线上却还手两国内受欢迎程度不容小觑,1
2817,近日款全新配色实物曝光,1
3254,近日电影主题还詹皇实战中频繁上脚海外发售后疫情原国内再推迟最近才终国内开售时搭配詹姆斯大灌篮主题球衣开始释出,1
1610,什关注,0
803,推出全新鞋款整体采简单白色黑色装扮呈现传统外观上还增加撕裂效果使玩性极高外值提鞋面覆盖内衬设计还会不颜色体现鞋侧英文字母点缀更表明众不身份特征,0
3508,复刻版都纯白配色款全白色看超级简单大方面料设计都很层次感,1
600,话说今去,0
1395,不近期鞋圈里传出新话题做穷玩富玩果说收藏球鞋鞋圈里已小虾米身份,1
2509,货号发售日期月日截目前年系列已发售四款分货号发售日期月日欧洲区发售价格美元货号发售日期月日发售价格,1
1508,伸出黑手外换色方案曾红极时鞋款身上最近两双鞋好奇底玩,1
1558,悉爆鞋事件直接导致耐克股价美股上周四日收盘时收跌市值蒸发超亿美元,0
1403,设计师开始尝试改造球鞋鞋舌加厚降低鞋帮,0
789,话不说紧买上脚试试,0
884,消息推出全新配色,0
1662,免责声明慧科网页作无关不内容负责,0
2945,重针织材料挡泥板皮革衣领却使鞋子脱颖出模仿灵感,1
1011,前耐克携手共推出联名系列鞋款受不少鞋迷欢迎喜爱近日双方再度合作推出款全新联名滑板鞋,1
866,最近关消息还挺不少传闻陆续泄露后前公布新消息传闻今年还双联名会发售中大家最关注定系列,1
1027,球迷纷纷哀悼众球星科业界朋友纷纷表达哀思时却传出些不谐声音,0
3567,问题什乔丹后耐克没科詹姆斯创办样子品牌公司,1
617,气质上新年特色不失高质感相信应会很人选择作新年鞋子估计访亲走友时成最靓仔,0
54,不没美区朋友不灰心双正式发售时间定月日,1
2330,样支线实战鞋手价不超元性价极高,1
992,然品牌间良心竞争激发创造出更好产品最终受益还消费,0
958,小体重朋友肯定更香点咯,0
2657,然目前进入榜单还耐克大流量品牌联盟产品不不说好消息品牌泛性上言鞋迷会更选择今很超级球星已很追捧,1
1054,中底具更宽中底提供更加稳定坐体验,0
895,鞋身编织鞋面主,0
212,不年最新双已柜台囤货似勒布朗球迷偶致敬机会,1
2327,外想追求更具现代设计感朋友说洛杉矶时尚品牌联手专勒布朗詹姆斯造系列坎爷上脚还带抢眼闪电图案更具机风格系列鞋款样值入手,1
2642,匡威现都很青少年喜欢鞋子搭配罕见情侣鞋没必穿样款式样穿反不少网友觉潮爆,1
425,大家觉品牌球鞋更加舒适,0
514,大家都莆通人人力范围内满足球鞋文化热爱倡导理性消费存意义,0
1638,耐克公司表示已事件展开调查,0
2391,篮球更渊源产品系列更共鸣,1
599,然考虑年诞生高帮全皮质包裹篮球神迈克尔乔丹初代战靴都已远远不匹配现代篮球场需求再加上曾统治上世纪匡威已耐克收购想知今已篮球场上完全销声匿迹毕竟没球员会增加职业生涯伤病风险去选择穿双现看普普通通帆布鞋上场球,1
1417,想作收藏说升值空间更高些些鞋头更喜欢不说玩转只钱人看看好,0
753,说时候迪耐克根不锐步手什沦落迪收购今惨抛弃大败局,0
671,悉双马上发售,1
1475,系列后再次降正代,1
3533,货号码数身最具标志性鞋型问世九九七年鞋底子硬还硬,1
1626,时传闻全新版只仅配色延伸,0
3778,相信大家看圈都心仪款式无巴尔文上脚还情人节设计都足够独特心动款式快点行动,1
2172,回顾下时候诞生,1
3330,正式发布詹姆斯系列最新战靴,1
216,方面升级鞋带绝佳紧致感完美脚踝锁定支撑,1
985,迪耐克大货折价格国产低不觉什稀奇现象反会很开心证明低廉价格买心仪迪球鞋更证明国产品牌越越强大越越出色,1
197,肯定排首位理然不言喻系列里面最典款球鞋高帮鞋型会女孩子脚型定求搭配束脚裤衬托高帮美感,1
1551,,0
2671,最吸引穿双鞋子钩算什,1
1988,系列鞋下明星最喜欢联名合作品牌作品牌股东兼品牌最大代言人乔丹年鞋利润达惊人亿美元,1
910,开拓后场双枪发挥出色安东尼赛二节中膝盖挫伤返回更衣室看安东尼受伤后球迷还非常担心,0
2871,说耐克樱花粉鞋子相信大家都听见条件好点小伙伴都已穿脚上耐克樱花粉实际上好款式大家知道樱花粉外空军号系列实樱花粉款式最新颖,1
1444,球迷感特不解都耐克代言什郭艾伦易建联相差倍,0
3716,,1
246,时保留后上字彰显身份更鞋帮位置加入呼应品牌理念刺绣时纽约区篮球文化传统致敬,0
1602,称双魔性,1
1205,,0
3377,中底泡棉舒适脚感形态变保证独特实战性,1
45,赛季结束前段时间欧文谍逐渐曝光出意味留欧文时间不,0
245,今年迎市售版设计上延续惯黑橙黑色鞋身搭配橙色细节勾勒营造出极强烈视觉击,0
799,辞旧迎新时值诞生周年纪念结合曝光不久新品看年会破新高带意想不惊喜大家拭目,1
3783,漫威全球人气直不断飙升不少品牌都选择漫威宇宙进行合作推出联名相信很鞋友希看样合作最近双漫威些关联,1
1097,全新史努狗系列滑动查看更图片近日带全新史努狗系列,0
556,利耐克迪达斯中高端运动鞋市场激烈竞争中开辟出条新道路,0
1086,好称史诗显然理然,0
4141,近日款全新配色上架国内表现不俗大家欣赏下,1
555,红米然耐克没公布些售价美元下新系列产品细节未发展出类似红米荣耀子品牌些典系列继续专注高端市场高性价新系列专攻中低端市场,1
2800,购买方式言前只湖人位家球星科詹姆斯签名鞋样遇科双暗黑小丑曾作游戏奖品求必须游戏中分超越科圣诞大战最高分分赢下赛才购买詹姆斯双曾样作奖品求玩游戏角色评分升分超越詹姆斯分才解锁购买资格字母哥获样遇后真点心疼现篮网家球星凯文杜兰特,1
5,现已上架近期热点造全新足底体验感受发售通知发售通知访问线上商店小程序时畅爽购物店铺列表买鞋扫买鞋扫客服人满勿加客服添加扫码,1
1394,今收藏球鞋人越越甚不仅只男士收藏球鞋些女生开始球鞋收藏道路甚收藏量不男士少,0
1230,球鞋巴士问题请联系更潮流资讯请关注小编,0
498,次联合代基础造款特版鞋舌部分背景日象征樱花味点缀加入数字八,1
745,前提下消息称迪达斯正研究出售锐步,0
2482,位时尚潮流顶尖人物年带系列引潮流玩家疯狂追捧鞋市度陷入瘫痪中人气最高便芝加哥二手市场今还高台车价格码数源后只欧洲限定还匹敌鞋款遥不,1
2645,小编看男孩子穿好看女孩子适合穿匡威样穿绝神仙搭配千篇律情侣鞋很大家不穿法,1
637,太红,0
1103,图片版权原作近日推出薄荷绿色主调配色鞋面保留蜂窝状网眼皮革设计透气性极佳,0
1285,款鞋黑色主基调鞋身辅大红色进行点缀形成鲜明效果,0
427,开查看更精彩图片近天相继重磅鞋款年发售信息爆出似风潮去,1
3625,逐渐普普受推动,1
3712,配色黄白两色主色调金紫点缀整体色彩鲜艳醒目彰显科续两次总冠军续两次总决赛赛季次典绝杀骄傲豪,1
1391,号称金银子弹头最初高速行驶新干线列车灵感流线型设计风格融入鞋款中流动线条感呼欲出造型方面完美继承致敬誓夸张独特造型发扬光大欲破年传统造型,0
1589,发售日期发售价格觉颜值还救,1
921,效果图发售日期年今年三十周年传闻推出联名款暂时没更消息,1
1760,首先湖人家球星勒布朗詹姆斯后已湖人巨星科布莱恩特典战靴迎版暗黑小丑配色然后雄鹿家球星字母哥扬尼斯德托昆博初代战靴紧后期间快船家球星保罗乔治最新战靴双佳乐配色作游戏奖品参中还赛季赛季报销篮网家球星凯文杜兰特迎最新战靴联名止耐克旗下签名鞋代言人签名鞋都参联名人没想耐克联名还没结束不久前双金色出现游戏联名中堪称压轴登场,1
1164,难受难受外网双冰激凌热度确实突破天际相关段子图开箱图上脚图层出不穷,0
2042,无球星定制鞋还市面流行都出耐克手去年炒鞋大潮耐克不少鞋商大赚笔然耐克最贵运动鞋人熟知,1
3383,货号发售日期年月日发售价格,1
1762,今作联名大戏压轴登场再次彰显系列球鞋耐克球鞋史上位正特菲尔德说才耐克未,1
879,新品上市时间不会放未准备关注公众号朋友市场价参加抽彩出售机会,0
768,凯里欧文全新签名鞋最近款极具看点新配色曝光,1
3244,,1
2345,曝光延续市售版统配色不选更加张扬橙色魔术贴图案使球员版图案后处增加魔术贴设计,1
675,鞋身侧标志象征双鞋搭配缓震科技蓝色水晶外底看出蓝红渐变色设计构思,0
3109,民间流传句话真正穿都不爱球,1
3189,相信许人直觉都,1
1352,认真看记找,0
3796,近期海外媒体公布双全新设计白色绿色构成鞋面后处使紫色不少鞋友联想绿巨人浩克,1
289,泄露发售计划中人气高数联名中全新柠檬黄配色已确定样品变更市售款式令不少粉丝朋友兴奋不已,1
1081,暴露泡沫穿双鞋约英里后确实开始点磨损橡胶看仍然不错些鞋子上穿英里时认不会成问题,0
1191,现看果年耐克签下姚明很会段时间内统治中国市场大好机会亲手放弃,0
1237,开网易新闻查看更图片道理说无人气还实力易建联都碾压郭艾伦存理应更合,0
1946,潮牌创始人陈冠希尼龙鞋面基础上双融入人艺术想法,1
801,单品外观装扮看整体采青灰色调呈现鞋领再浅绿色勾勒点缀配合中底互相呼应使颜值十分线,0
189,买不曾誉接班人达威近日孟菲斯大学蓝色灵感去客制双客制款鞋身采鞋后白色浮雕鞋身相似蓝色高端皮革鞋带贯穿白色鞋带扣银色鞋带头鞋带孔鞋舌采磁铁设计还贴上白色鞋舌透明鞋盒亦印满次客制单位想必前释出黑色版成功吸引达威网友想求购双不却狠心拒绝孟虎蓝样蓝色色系北卡出新整鞋都采北卡蓝配色加泼墨细节点缀麂皮鞋身搭配水晶底鞋舌亦印上看完蓝色接再看春意盎然绿色好朋友先前家活动上脚踩双青绿色鞋子灵感应硕大鞋舌应帮省下笔广告费出实物还双镭射圣诞绿配色反光质感镭射绿鞋面印上金色花纹丝毫不输问题觉买双,1
586,大概杜兰特去年总决赛腱撕裂耐克制作时候心余悸,1
3132,鞋码今年系列球鞋回说诚意十足不仅带典配色相继推出联名格外热门配色,1
2659,日排名上耐克总特色鞋款典霸占整榜单迪少余更提品牌次次迪终战胜耐克子品牌乔丹创立,1
1282,黑红配色双黑红配色月日发售觉双鞋颜值,1
577,时采快船家球星保罗乔治最新签名鞋上样环状吸盘纹理设计耐性更佳,1
350,天只见排装甲车芝加哥街头飞驰正大家伙否次军事演练时原正运载满满鞋款装备车,0
409,重影主题联名篮球鞋采系列鞋款贯设计风格纯红鞋款上点缀黑色橙色构成配色主题,1
1100,目前系列鞋款已正式上架官网,0
3865,科代篮球鞋赛季科拥双真正意义上签名鞋双鞋见证单场分奇迹使赛季分次尝分王甜头,1
571,简洁配色呈现利落外观出色搭配装备,0
1777,切周发售览开始文图片源请问现时,1
1505,样珍稀限定身份配色方案八成相似小再呼欲出色调灰色旧采灰色主配色最后还天新曝光样低饱度灰色呈现乍看样分相似,1
255,导读很人买东西时追求品牌尤鞋子品牌鞋子不设计非常好穿脚上特舒适,0
2396,大火特火爆款果做好会喜欢近期,1
202,传奇蓝配色非常适合小仙女便搭都够穿出阳光美少女感觉,0
3006,系图片中配色灵感取下方应鞋名开查看更精彩图片系系次玩出什新花样,1
3440,篮球鞋大叔首选搭载球鞋休闲穿搭方面大叔首选典好看,1
4042,去年成马尼亚街上看最球鞋天出门都看双扣碎今年夏天会不会成下双街鞋今会然坚持高帮还准备尝试下低帮,1
570,皮革合成材质组合鞋面搭配翻毛皮装饰复古加垫鞋口塑舒适脚感,0
1117,球星款明星潮鞋通通,0
3014,发售价格元,1
1660,相下耐克竞争手市值亿美元股价去年时间里累计上涨今年年初上涨,0
2704,发售日期年月日发售价格美元鞋款碰瓷典配色亲民价格开玩家略带嫌弃心扉后开始设计配色新意上重发力似很努力想摆脱调色嫌,1
192,男孩子说都份梦寐求礼物算没钱日子想去买双喜欢球鞋,1
178,跑鞋制作中大胆融入招牌式,0
3308,称鞋底配色半透明颜色,1
1663,男生些典款值入手,0
3426,日前配色释出组最新实物图采黑白灰三色组合呈现鞋面选绒面革搭配透明材质营造出样质感,1
2948,外款轮廓造型很大程度上匹配设计诚意不言喻,1
3848,保罗抢先上脚秀鞋作不热卖溢价肯定不会太动物园配色十分骚气秋冬季节搭配增添新想法,1
2476,三双今天出现实物图片前泄露模糊图片设计图基致灰色鞋面绿色锯齿纹外加相氧化底,1
804,悉目前已日官网上架发售价格日元喜欢朋友行前购买,0
1635,天蒸发亿美元,0
2174,全年热情似火迈密然双不需关很人无疑更熟悉典南海岸配色正双相,1
2452,湖人家球星勒布朗詹姆斯签名鞋系列堪称今耐克最强战靴无定价颜值配置系列大签名鞋系列中都顶级老詹前耐克最强战靴属,1
1595,不日区发售完毕后双再次延后原预计月日发售目前已调整月日月时间,1
179,防水科技面料糅合实舒适性精细考究设计重新定义风格,0
1608,上马尼亚大家带夏季系列发售消息还双下周发售目前海外已公布信息,1
4035,年两转折点开始典配色运上什黑脚趾扣碎凯尔特人些高帮上典限量设计很鞋友想买买不买不却上实现愿性价上不言喻今年开始推出属配色设计,1
1603,概念图刚公布双独特扎染效果吸引不少鞋友关注,1
1145,操作明星开心耐克开心粉丝看家爱豆新宠双眼样放出光芒,0
3785,不只双系列新配色许鉴目前漫威没关系纯粹鞋友脑补果双配色鞋友认相信未还会出更类似超级英雄配色迎合鞋友需求未许看漫威宇宙设计,1
1360,耐克科生日月日天发售系列售价美元月日日发售系列两款售价都美元,1
3960,上月末发布致敬滑板文化全新系列中家分支联手制作两款最受鞋迷关注隐藏刮刮乐属性极年联名,1
1665,系列谓典加传奇结合作系列开山作乔丹双战靴款鞋无性还外观都不二选择鞋已不单单代表双鞋还飞人精神情怀,1
4075,耐克成联盟大赞助商乔丹甚名字变成耐克子品牌,1
3892,然新颜色还没发布中国鞋界引很大关注,1
1443,作耐克旗下独立运营高端品牌签约中国球员郭艾伦代言费万美元达万人民币,1
1131,说不定穿清野速度都快跑图都飞曾野区霸主回,0
1170,推荐虎扑识货上购买般球鞋无收藏还穿都虎扑上找喜爱球鞋虎扑识货都认证保证球鞋品质会热心网友球鞋进行鉴定很不错平台不止很球鞋都虎扑识货上买,1
1251,,0
716,天埋头苦干月攒下不少钱,0
2504,发售日期年底发售价格发售日期年底发售价格发售日期年底发售价格发售日期年底发售价格发售日期年底发售价格,1
576,二鞋底设计材质上新代采橡胶外底实战性更强,1
1565,外场备受瞩目焦点战场全美直播赛事包括美国前总统奥巴马内知名人士前现场观看,0
991,波说火药味十足典哥表示搬好板凳吃瓜看戏,0
1004,习俗款鞋基上扑街果样鞋耐克都炒话中国鞋市真没救,0
3240,鞋底加入回收材质中底外底都呈现出斑驳彩视觉效果然细节上独具特色还双环保理念球鞋颜值相小迪奥配色相差太,1
3046,詹姆斯乔丹身份质些不詹姆斯最大品牌代言人乔丹却股东换句话说老板球员两人根没性,1
655,年出生王博高冷外形性格却幽默鞋很强热爱情大数时候都穿时尚感十足鞋子亮相身上搭配服饰充满时尚感,0
2781,设计师不灵感典运动鞋相结合采皮革绒面革天鹅绒材质最终推市场产品共款包括零售价格美元美元不,1
95,开查看更精彩图片去年公布季后赛年复刻版后系列长期没更新,1
221,上架近期热点线上小程序秒杀折扣活动秒下单,1
3507,,1
1017,相鞋款款全新配色属性好提升细节刻画很位,0
3843,力小伙伴完,1
3631,近日款全新颜色搭配芝加哥黑脚趾首次曝光,1
1504,两双高低帮共享配色外早已预订年度鞋王惨遭调色盘般无差抄袭,1
544,乔丹脚下图片不情况很快会发生变化耐克昨天财报会议上表示下财年会推出更价格美元下新系列运动鞋吸引更消费,1
393,欧文最新签名鞋外观上看出耐克旗下典战靴影子毕竟欧文最喜欢场外装备现迪达斯旗下子品牌主理人侃爷耐克合作时期典产品侃爷年改投迪成文物说文物原复刻价值真很大市场供需上看出欧文外只鞋王塔克侃爷妻子卡戴珊少数侃爷身人顶级球鞋收藏家够出普通人只眼瘾年耐克没复刻欧文,1
1315,实上文没提周董好友造潮牌想必很大部分不知道存,0
391,关联鞋款近日便出现实物上脚大家先睹快效果悉夏季推出,0
3771,发光发热款定提款联名球鞋火热程度目共睹上脚成功带货使款球鞋火爆,1
3935,外鞋款延上搭载科技后鳍式设计片式网眼鞋面设计贴合脚面增添鞋款舒适性,1
1141,上月月底发售前鞋款人气飞天不预售价还发售后市场价都人看不懂,0
1432,土球员中许球员都签约运动鞋品牌耐克彪马匡威,0
365,原相双全新更加出色性复刻回不仅会减轻整体重量时还加大缓震体积前后掌分改全掌缓震更加注重提升双典篮球鞋实战性,1
370,最新联名鞋款高清图辑率先曝光知名情报帐号曝光联名鞋款真身全新高清图辑,0
1661,,0
94,黑红四月发布,1
967,果出街买双莆田满足下虚荣心觉没少无害甚颜值外观脚感无差,1
442,不愧两年炒最火鞋子热度发售量都尘莫更况创始人侃爷想人够穿上总步步,1
0,系列再度致敬旗下典鞋款常看近年系列中加入些典鞋款影子谓致敬系列番继后双全新实物首度曝光,1
196,今天小编位小仙女推荐款适合女孩子穿,1
963,后双鞋穿漏发现鞋垫层纸板毫无保护,0
3375,昨晚款具划时代意义全新动系带篮球鞋正式亮相,1
972,解释下词不样,0
971,位朋友觉,1
128,下面系列小字体中列出后撤步后仰跳投篮球术语含义称真正步行篮球鞋,0
627,前掌位置红色安踏更点睛笔层次感非常丰富,0
2674,双耐克鞋子鞋子不样只两钩双鞋子全加双钩设计鞋子看真太帅双鞋子搭配身穿搭很好看颜色很抢眼,1
2145,耐克发布日期年月日型号价格美元,1
3065,后逐渐商品上正式耐克勾区开年销售额高达数十亿美元,1
236,洛杉矶街头名全新联手炮制共计版意大利情结汲取灵感特色带字样红绿线条环绕鞋面上典鞋型注入更时尚元素,0
484,最后聊聊双身身联名芝加哥配色款专属配色初次移植上操作算上近两年百试不爽操作,1
1377,灵感源球场上激励欧文英雄导师采红色紫色金色蓝色抢眼色调点缀鞋后处图案代表欧文年总决赛中历史性关键击,1
811,最近耐克还曝光双新鞋型配置上前掌款左右两块气垫中足还双层叠放两块气垫累计块气垫,0
1085,结中跑步时否会想史诗词,0
1021,时滑板性很优越绝值入手,0
1582,,0
2610,最新配色上架时间公布早全明星赛周率先曝光配色注入典紫金配色鞋面上佐大量黑色调营造内敛感搭配鞋舌人徽标鞋处手写签名字样鞋垫附象征棕梠树紫金主题印花图样搭载双层气垫冰蓝橡胶外底增添舒适度耐度,1
531,耐克拥椰子迪达斯翘楚全球卖爆明星疯狂带货然感上不定会舒服里迪技术还鞋子提供相不错缓震效果作出街鞋靓完事还谓脚感,0
1372,配置方面前掌气垫缓震科技具良好回弹性,0
1646,耐克网友疯狂吐槽引爆场锁反应双篮球鞋球星保罗乔治款签名鞋年夏季推出耐克网站上售价美元美元属耐克众系列签名鞋中款非普通耐克球鞋加剧人耐克球鞋质量质疑,1
1467,截止目前运动鞋公开拍卖纪录保持年加州体育纪念品公司拍卖匡威篮球鞋,0
2238,事情发展都已知道最终签下万美元代言合约推出名系列改变后球鞋圈历史,1
3614,胜道运动耐克詹姆斯男子篮球鞋京东购买胜道运动耐克詹姆斯男子篮球鞋京东购买前不久周杰伦上晒出球帅大家吐槽周董圆润体型时十分关心脚上穿未市售配色然下周发售杰伦上脚两双空中大灌篮主题战靴,1
547,美元下运动鞋背后市场十分庞大根市场调研机构数美国年年最畅销运动鞋不些典系列耐克款售价美元,1
336,后耐克迅速翻身成运动品牌错乔丹迪再没压耐克,0
805,,0
1238,会导致样情况下点关内线球员球鞋不热买球鞋需根球星身高体重综合数专门定制,0
1492,难怪很人喊出最大骗局句话,1
3838,再次专属发售买,1
3205,朴素外表风骚内心受球鞋玩家关注番终释出官图正式发售,1
1465,苏富电子商务环球业务高级副总裁表示运动鞋艺术文化时尚接体现情怀态度奢侈时尚单品,0
310,发售日期年月日发售价格美元前曝光鞋款今日释出更细节图,1
815,,0
3312,篮球鞋采利落低帮设计减震缓缓震配置灵敏响应畅中底强势结合专勒布朗制霸激烈赛场造,1
666,欧文太空主题亮相不少球鞋爱好眼里今球鞋意义已近大实战类鞋款更球鞋文化大部分朋友印象里篮球实战鞋都不好看只舒适行里款篮球鞋异类系列,1
2095,型录中滑手穿耐克联名情人节限定次奥运会系列必然还专业鞋款,1
1581,相下耐克竞争手市值亿美元股价去年时间里累计上涨今年年初上涨,0
375,今番透球鞋情报帐号白底片再次更加清晰欣赏未发售鞋款,0
685,大学时期女朋友朋友圈卖耐克篮球鞋,0
3550,西安市南大街外贸五环店发售时间发售方式线上抽签湖人天猫旗舰店发售时间发售方式线上发售灰蓝呼浩特维利亚商厦发售时间发售方式先先喜欢点点看,1
3798,目前双绿巨人配色会近期登陆官网店铺喜欢鞋友关注下近期上新信息不错入手机会,1
1270,穿鞋狗般不再愿意穿回更说脚感差不联名球鞋,1
1155,发售初双鞋普通版都曾飙升看看隔壁真楼楼塌幻灭感,1
1653,外托尼罗滕代尼克杨曾遇鞋底鞋面完全分尴尬场景,1
2666,说潮鞋很潮人激动现时间发展出现越越鞋子类最近都知道火好款鞋子好说匡威两双鞋子都已很典品牌最近才大家熟悉现很潮人都喜欢穿两双鞋子不仅典百搭穿上后看真太好看成必备单品,1
117,相信会不久推出会继续关注后续工作快大家汇报,0
639,实年系列都大家年末年初讨话题,0
677,,0
4023,旗下拥拉塞尔韦斯特布鲁克克里斯保罗布雷克格里芬卡梅洛安东尼郭艾伦球员锡安共宣传款知名运动品牌,1
3242,货号发售日期月日发售价格美元部分图片源网络牵涉版权,1
2140,详细介绍最近国内炒非常火热价格度达人民币黑金色钱都买不,1
1591,今天开箱款保罗乔治四代签名球鞋耐克代作低帮篮球鞋上脚绝没大家说不堪后大面积填充物非常舒适次中底内置升级气垫官方名称脚感没饱满不厚实中底导致场感般然后保罗乔治采双层网面加拉链设计摒弃鞋舌包裹性方面属合格水平鞋面材质偏软质感不错中底内置小块抗扭片外底还防侧脚设计进行突破变时完全够最后类似章鱼吸盘橡胶大底抓力防滑耐磨都受住内外场考验,1
1531,次联名设计上旧前白丝绸元素设计次细节设计勾子上进行特细节化处理钩子设计繁入简渐渐变少,1
1387,免责声明慧科网页作无关不内容负责,0
610,国外品牌中国品牌中国文化深层次解中国人喜好作出更好判断设计鞋子时更呈现更体现中国年味,0
3310,售价美元预计年晚些时候发售,1
150,原标题潮闻快食更谍释出周单品全貌曝光,0
3907,永远不会停业只现变不样,1
1629,鞋身涂鸦设计风格赋予街头气息呼应设计主旨鞋面亦世界代表字样点明主题,0
1606,彩虹系列最后说说次系列次共带双,1
286,标迪达斯旗下系列耐克瞄准位帅唱后秀跨界名义传家宝上略作文章抢占滩头造钩子反倾家荡产神话,1
3761,次巴尔文选择上脚鞋款吸引很人注意力,1
333,营销耐克成立初不断受商业手迪匡威运动品牌竞争压制正豪赌乔丹才耐克奠定龙头老大位,0
214,认推出最强大新篮球鞋,1
491,范思哲风格外还款全新谍网上曝光,1
1657,华尔街投行奥海默分析师布莱恩内格尔认耐克高级理人员善核心客户面前保护提升公司品牌形象便明显恐慌时刻,0
1416,然限量版数量少些鞋子更辈子都见不,0
489,大伙儿穿搭时拥丰富选择复古新潮解构典特色,0
1277,双首发配色设计灵感源勒布朗詹姆斯主演篮球主题电影空中大灌篮双首发配色低帮版詹姆斯代命名球鞋低帮设计鞋身上白色球鞋底色蓝色红色辅色穿插中两双鞋整体呈鸳鸯配色颜值不错,1
144,潮流新品发售信息关注公众号朋友加入突袭克星交流群突袭克星提供海外代购服务更低价格入手想单品突袭克星交流群群聊鞋友侃大山聊鞋市生活美滋滋群规介绍突袭克星进群须知群规突袭克星,0
4130,样双细节满满大家快行动,1
34,货号发售日期月日发售价格文大风号仅代表大风号媒体观点,1
1119,无运动场还召唤师峡谷都运动员,0
574,不不久前杜兰特新代签名鞋正式发布,1
164,左滑动查看更图片联鞋款全球发售时间释出最新消息报道款蓝白红三款主题色系拼接限定配色仅发售发售时间月日抽签方式进行发售,1
110,谍片看双带足够惊喜,0
3593,黑白渐变双典鞋身黑灰白三色组合成签名式字样亦分三相呼应色调呈现说次三双配色集身,1
1644,外场备受瞩目焦点战场全美直播赛事包括美国前总统奥巴马内知名人士前现场观看,0
517,采马鬃仿鸵鸟皮鳄鱼纹皮革翻毛皮物料造细节处缀饰红荧光绿玉石绿色,0
1436,外还年耐克签约丁彦雨航代言合年万,0
2819,高帮全新配色中帮设计蓝鞋身采典黑红配色造,1
782,双球鞋共三配色下面大家做下展示三双都颜值担最重实战,0
1601,魔性次公布系列中还两双双正发售中双前介绍,1
3357,说联名球鞋今年最亮眼相信大数鞋友都没意见继倒钩后相信不少人都期双联名网传货量大概倒钩,1
1636,美国东部时间上周三月日晚间进行场焦点战中今年选秀状元热门杜克大学家球星锡安威廉姆森开场次进攻中持球转身时不慎滑倒直接踩爆脚下球鞋导致受伤场,1
3049,今乔丹年应公司上亿美元分红难怪底气投资球队仅仅点乔丹完全不担心济方面问题,1
55,两双定下发售时间欧文海绵宝宝派大星配色外相信剩下双章鱼哥配色低帮珊迪蟹老板两款配色会很快见面,1
867,开查看更精彩图片不系列外今年带双新款合作系列,1
2828,开查看更精彩图片近日网络上曝光双不知名球鞋然官方还没宣布熟悉欧文系列球迷都知道代杂交球鞋欧文,1
4038,马尼亚认主原亮点肯定充分利价值作下最热门球鞋关注人定非常时候推出便宜带典设计球鞋肯定会吸引更消费购买还火抓住最后机会,1
1576,分析师表示耐克感尴尬却不会业务产生实质性影响,0
670,耐克欧文男子篮球鞋京东购买大家看侧面荧光绿大钩子绑带然少不夜光效果相信届时野球场定看双炫酷实战鞋欧文,1
916,安东尼上脚款配色不很亮眼款极具辨识度鞋子低帮设计令款鞋子很好灵活性上脚时候够穿脱脚感还非常舒适时款非常适合上脚去实战鞋子,1
2770,然年去双芝加哥内衬编号然很清楚左右脚尺码时候不难发现双鞋左脚码右脚码居然不样大,1
3051,毫不夸张说没乔丹没今更提迪达斯平平坐乔丹赋予品牌应价值,1
509,毕竟东京滑板违法很都晚上出动,0
2169,实际上双鞋名特殊版看外观硬朗全皮材质知道非季节穿鞋子年耐克计划詹姆斯应克利夫兰寒冬准备,1
1452,次后卫型球员速度上优势爆发力更强显更激情显然更契合运动鞋品牌特点,0
2280,相舒适性上显差强人意方面橡胶外底非常柔软导致耐性会大折扣,1
3639,现漂亮价格疯狂推出正切韭菜,1
536,呆毛哥嫌弃实知道买不不家里不允许还会嫌不好看,0
1088,款出色半程马拉松赛车鞋,0
1078,现上外部鞋稳定器后倾斜版小不认什区鞋内还鞋稳定器背面高很仍然提供需支持,0
1219,抱歉很遗憾告诉后实际没厚实际厚度大概现看三分剩余都外翻上做防侧翻,0
1647,耐克社交媒体上立成众网友调侃象,0
1404,然后出现甚后面,0
2711,发售日期年月日发售价格美元去年传闻称会今年推出双幸运绿主题鞋款,1
1680,期球鞋面面观内容相去三期丰富不少国内球员赞助商原外支准备季后赛球队都找外援外援周上脚球鞋款式颇都出现,1
1502,知道套装货量极小导致套装内红白市场价格颇高双红白无疑最好代品,1
346,没错,0
717,后觉城里工资不错干脆老婆接城里工夫妻俩踏踏实实小日子还挺好,0
1632,免责声明慧科网页作无关不内容负责,0
1594,两双重磅复刻再次延后月系列中大家关注白紫已周发售完毕双不少鞋友,1
1107,许许刚进入鞋圈朋友不解外形看许朋友看出不便哥,1
3678,例超限量联名作赚点小钱带动噱头热度提升系列普款销量,1
306,鞋身银河元素明显星空图案布满鞋面再黑色白色调贯穿鞋身银色镜面主题配色相益彰,0
1627,悉鞋款鞋款月日正式发售发售价格美元,0
1010,球鞋大佬,0
3173,状元郎蔡恩威廉森宣布耐克旗下品牌完成签约悉少家运动品牌希签下蔡恩结局似没悬念,1
1179,时双鞋细节满满白色麻绳鞋带显酷爱牛仔元素,0
1863,去年展上句十年内再无丝绸更丝绸系列人气推新高度众鞋友觉次双丝绸双丝绸无都入手双否下次不知道什时候,1
2142,细看浮华方色调特色灵感科布莱恩特书,1
3880,滑动查看更图片分享细节图看鞋款黑白浅灰搭配整双球鞋低调质感,1
864,货号发售日期年月日发售价格,1
3627,例凯尔特人队中锋看绿脚趾,1
672,配色谍泄露想必大家还记上星期二双配色方案公开发售获不少关注度大家都称小迪奥然市场热度不低,1
1524,两件恤两件帽运动衫都根设计,1
3233,喜欢还耐克,1
978,迪耐克大货折价格国产低请问下问题简单分析下问题最大根源定位不,1
965,现很球鞋莆田生产工厂莆田,0
235,鞋带孔部分换上印橡皮带作点缀时亦鞋面带贴合感分黑白两色展开,0
3891,今天谈谈松绿,1
1486,今年倒闭配色部分原太配色实太没诚意新配色旗号却引波波很敷衍换色,1
4041,双好看不贵低帮鞋想上不少普通消费都认低帮高帮更好看更高级感足看出高帮鞋审美疲劳正慢慢出现,1
1609,看今天消息大家应想好双准备入手双还请位继续关注马尼亚后会继续更新更相关信息敬请期,1
3091,年末压轴重磅联名正式发售前鞋款图片早已漫天飞鞋王塔克詹姆斯相继上脚球鞋宣传造势使款鞋尚未发售已超越成名副实鞋王,1
1637,悉爆鞋事件直接导致耐克股价美股上周四日收盘时收跌市值蒸发超亿美元,0
8,火后会很人谈什球鞋文化很大部分只风已满大街中猜双会真,1
17,然无今否会潮流中轮回只选择喜欢好,0
3258,鞋面上未样使最新材质采透气网布皮革结合,1
4022,悉锡安签下份年总价万美元球鞋合,1
435,后上部设计白色刺绣联名辨识度极高,0
220,次复刻细节变化皮料木纹紫色呈现元年仅蓝色深浅不中底采时最先进全掌气垫,0
763,品牌年轻人鲜人知见锐步市场知名度不断下降,0
1656,讯证券报道投行分析师里克帕特尔认耐克大数销售额都生活方式时尚产品中包括乔丹球鞋认部分业务不太受损受众非真正篮球运动员,0
364,发售日期月日前两天曝出科签名鞋全新面貌复刻回消息后今天双终浮出水面时确定发售日期,1
530,作球鞋界最会玩耐克联名已玩极致双鞋子换花出不不服气球鞋文化控年轻人心理熟悉,0
226,款联名采橄榄绿装扮鞋身优质皮革材质运彰显独家军工质感,0
29,款全新合作推出配色,1
1257,社交媒体上晒出没公开发售动作国内外球鞋圈震动,1
3653,事实上许颜色都例中间然后中间黑色驴趾,1
1278,黑红配色北京时间年月日常规赛赛中勒布朗詹姆斯上脚双新配色黑红配色,1
1379,致敬欧文电影制作热爱想力融入生活精神鞋面类似电影胶片层次设计呈现搭配后金色摄影机标志呼应设计主题,1
3526,图水印配色全黑装扮登场搭配半透明外底,1
2303,黑灰版市价昨天降低许些尺码跌万元下双外观更加引人注目米白色款年发售,1
377,鞋舌内侧缝出字样附赠黄色红色鞋带谓诚意十足,0
1607,名系列双白色设计组成鞋舌鞋带扣鞋处添加紫绿橙红四配色大概意思钱省想色搭配选双头不小去年传闻发售配色最后变成今彩虹设计部分鞋友些失彩虹网格配色白鞋面水泥底上脚效果不错双女生专属款预计月日发售,1
1597,双人气复刻系列推迟近月发售双誉系列中最受欢迎配色时隔年再次发售次鞋面添加反光设计预计月日登场,1
2520,受年全明星赛期间勒布朗詹姆斯穿涂鸦耐克球员独配色启发款涂鸦冷蓝色勒布朗穿蓝色鞋面时图形印花挡泥板运转,1
400,说侃爷最近松金口著名男性时尚杂志侃爷专访问复刻问题时侃爷大方回应只大伙想不介意耐克复刻系列,0
2870,耐克樱花粉丢掉匡威才仙女鞋,1
2895,派签张派完止,1
410,字样出现中底侧面鞋舌处倒颇值玩味显眼莫鞋面上增加绑带设计,0
2944,传闻中汲取黑色白色红色鞋面中底处书写痕迹,1
1476,款样遵系列鸳鸯设计相部位均不色调不细节甚不材质装点,1
918,发售日期年疫情影响大品牌季度都减少限量鞋款发售中年度话题球鞋究竟时才登场未知数,1
1596,双月目前止今年没发双看惊喜都下半年出现,1
1016,时鞋款身围绕滑板主题鞋身整体复古跑鞋蓝造成标志性散射皮革框架提供充分侧支撑包裹,0
728,曾想售货员听工上工老吴买双鞋大笑,0
1096,全新年月正式发售定价美元,1
3897,开查看更精彩图片凉,1
1605,人设计都独见解果喜欢双女生专属月日记入手,1
166,次双色联鞋履售价均美元,1
1920,大家现看火感觉耐克已封神出抢爆,1
82,预计年初正式发售想买双想超强吸睛效果朋友不妨重点关注下,0
899,陈川,0
4127,月月号间玩家模式下赢下场季后赛赛获购买双资格,1
105,月日正式登陆官方网站大网站售价美元请不错最喜欢朋友,1
1361,球鞋外科球衣会限量发售,0
1732,最初周杰伦上晒出双鞋款全新升级配色画面感串文,1
1299,发售价格美元发售日期月日月日稍早时释出双全新配色首先映入眼帘便丝绸材质龙纹刺绣鞋舌中国风设计时间引发鞋迷众说纷纭猜测,1
1987,仅仅版次复刻都会引发轰动,1
2495,上面时亮相首次联名共两配色分采卡色黑色主色调黑色蓝造,1
776,今天小编大家推荐双珍藏已久篮球鞋,0
305,近期曝光银河水花不小款蓝造相继亮相,1
1311,底不联名,0
1681,杜润旺李音速玫瑰城广东东莞银行吴冠希李闪击心形排球定制苏州肯帝亚吴前李闪击浙江稠州银行刑志强李韦德道熔岩山西汾酒股份王少杰李驭帅紫金北京控股韩德君李空袭辽钢姜宇星李韦德道棉花糖吉林九台农商银行张骋宇李音速青岛国信双星兰白克马坎李韦德道轻质版变色龙新疆伊力特易建联广东东莞银行周琦新疆伊力特北京控股新疆伊力特南京曦宙光林书豪特步游云北京首钢上海久事苏州肯帝亚辽钢吉林九台农商银行时代中国广州周搜集图片时候还发现三张上脚图爱吴冠希定制版闪击果解朋友都知道女排国手张常已确定婚期不结婚年东京奥运会后七夕节还段时间通定制球鞋表达爱意真秀闪击,1
2485,加入销售额狂增简直虎添翼现神仙架说,1
3128,全新造问世,1
1307,首歌歌词正讲述坚持事贴合时亦鞋款诠释双方篮球坚持,1
3355,上便关些介绍果大家感兴趣话去详细解下系列,1
802,悉消息称双鞋月正式登场发售还未确切日期通知感兴趣朋友不妨继续保持关注,0
1768,具体排名下耐克迪安德玛彪马李匹克安踏,1
875,最快最准确告诉大家,0
421,新百伦新百伦直都休闲运动鞋称近年开始篮球鞋领域发力年年底新百伦签下伦纳德正式进入球鞋领域,0
3066,周发售伦特米斯特看耐克拍摄张片复制原始元素,1
3084,方面人觉伦特米斯特时隔年翻出件旧事眼红系列效益太好嫌疑两张片看上去确实不样,1
1384,悉五双特色主题首发配色月日指定店点开始发售配色月日开始发售配色月日开始发售喜欢实战党关注下,1
2958,发售日期月日发售价美元篮坛传奇黑曼巴科布莱恩特年底收收心争取攒点孩子压岁钱,1
535,鞋子然设计基础鞋舌上非常显眼特色鞋子包外围次海报类大理石材质作硬质塑料保护外还特色元素内说整双鞋子三方联名关系素非常酷炫失去实性,1
2060,预感联名马上面世,1
41,鞋帮后部分采独立设计松开绑带后开最大限度方便穿脱,0
929,发售日期年夏季今年回添火使高人气蝉翼鞋面预计夏天会推出配色,0
